id,symbol,name,image,current_price,market_cap,market_cap_rank,fully_diluted_valuation,total_volume,high_24h,low_24h,price_change_24h,price_change_percentage_24h,market_cap_change_24h,market_cap_change_percentage_24h,circulating_supply,total_supply,max_supply,ath,ath_change_percentage,ath_date,atl,atl_change_percentage,atl_date,roi,last_updated,change_direction
binance-peg-weth,weth,Binance-Peg WETH,https://coin-images.coingecko.com/coins/images/39580/large/weth.png?1723006716,2966.67,1794734773,66,1794734773,85952089.0,2978.65,2767.26,148.8,5.28065,86230662.0,5.04714,604999.9999588211,604999.9999588211,,4955.78,-40.07697,2025-08-24T19:14:00.505Z,1394.32,112.98247,2025-04-09T01:32:41.942Z,,2025-11-24T21:15:19.491Z,+
wrapped-eeth,weeth,Wrapped eETH,https://coin-images.coingecko.com/coins/images/33033/large/weETH.png?1701438396,3208.28,7614956236,26,7614956236,80763828.0,3222.59,2988.58,160.8,5.27652,374313286.0,5.16961,2372919.733619733,2372919.733619733,,5296.78,-39.39451,2025-08-24T19:25:19.771Z,1505.24,113.26502,2025-04-09T03:45:31.391Z,,2025-11-24T21:15:18.768Z,+
rocket-pool-eth,reth,Rocket Pool ETH,https://coin-images.coingecko.com/coins/images/20764/large/reth.png?1696520159,3404.09,1270562499,82,1270562499,13050371.0,3419.5,3173.58,169.84,5.25135,56217951.0,4.62949,373135.8146251013,373135.8146251013,,5618.08,-39.29252,2025-08-24T19:25:20.811Z,887.26,284.39496,2022-06-18T20:55:45.957Z,,2025-11-24T21:15:09.031Z,+
liquid-staked-ethereum,lseth,Liquid Staked ETH,https://coin-images.coingecko.com/coins/images/28848/large/LsETH-receipt-token-circle.png?1696527824,3161.21,996423373,103,996423373,112288.0,3168.73,2964.43,157.66,5.2491,48249557.0,5.08868,314718.568600489,314718.568600489,,5334.09,-40.63705,2025-08-24T19:17:38.271Z,1384.61,128.69117,2023-03-10T11:26:12.210Z,,2025-11-24T21:15:08.942Z,+
l2-standard-bridged-weth-base,weth,L2 Standard Bridged WETH (Base),https://coin-images.coingecko.com/coins/images/39810/large/weth.png?1724139790,2968.98,569750402,141,569750402,789749699.0,2979.53,2774.98,147.13,5.21393,16799738.0,3.0382,192055.0293546685,192055.0293546685,,4952.69,-40.02595,2025-08-24T19:25:21.091Z,1394.17,113.05325,2025-04-09T01:31:06.248Z,,2025-11-24T21:15:09.838Z,+
arbitrum-bridged-wrapped-eeth,weeth,Arbitrum Bridged Wrapped eETH (Arbitrum),https://coin-images.coingecko.com/coins/images/69123/large/weeth.png?1757579190,3205.78,322087426,206,322087426,178630.0,3218.54,2988.04,158.84,5.21294,13308225.0,4.30995,100410.4109306145,100410.4109306145,,5118.5,-37.33106,2025-10-07T13:40:07.784Z,2837.73,13.03774,2025-11-21T12:31:03.777Z,,2025-11-24T21:15:09.670Z,+
ether-fi-staked-eth,eeth,ether.fi Staked ETH,https://coin-images.coingecko.com/coins/images/33049/large/ether.fi_eETH.png?1700473063,2963.83,415129060,176,8028411270,16579.69,2977.1,2763.56,146.74,5.20885,18091063.0,4.55651,140027.14485853427,2708062.665726956,,5307.23,-44.12065,2024-08-06T16:16:30.007Z,975.47,204.02126,2025-09-02T06:51:33.410Z,,2025-11-24T21:15:09.621Z,+
wrapped-ether-mantle-bridge,weth,Mantle Bridged WETH (Mantle),https://coin-images.coingecko.com/coins/images/31013/large/weth_2.jpg?1758795984,2967.73,244515503,244,244515503,5443361.0,2979.27,2767.75,146.86,5.20602,10682855.0,4.56859,82410.45924858876,82410.45924858876,,4962.42,-40.27597,2025-08-24T19:24:03.164Z,1402.44,111.32931,2025-04-09T01:32:36.128Z,,2025-11-24T21:15:10.011Z,+
wrapped-beacon-eth,wbeth,Wrapped Beacon ETH,https://coin-images.coingecko.com/coins/images/30061/large/wbeth-icon.png?1696528983,3213.62,10491778568,17,10491778568,50759745.0,3228.02,2993.6,158.6,5.19128,502493333.0,5.03032,3264390.269462228,3264390.269462228,,5330.78,-39.6849,2025-08-24T19:27:46.809Z,1501.6,114.12248,2025-04-09T03:57:40.245Z,,2025-11-24T21:15:18.690Z,+
arbitrum-bridged-weth-arbitrum-one,weth,Arbitrum Bridged WETH (Arbitrum One),https://coin-images.coingecko.com/coins/images/39713/large/WETH.PNG?1723731496,2967.41,484343482,155,484343482,409807765.0,2984.81,2766.78,146.27,5.18461,9652092.0,2.03334,163220.4585525356,163220.4585525356,,4952.19,-40.08319,2025-08-24T19:25:21.070Z,1395.31,112.65526,2025-04-09T01:32:31.046Z,,2025-11-24T21:15:15.987Z,+
frax-ether,frxeth,Frax Ether,https://coin-images.coingecko.com/coins/images/28284/large/frxETH_icon.png?1696527284,2931.96,292840927,221,292840927,672613.0,2943.21,2739.27,143.96,5.16352,14112757.0,5.06327,99868.94941716292,99868.94941716292,,4906.89,-40.24122,2025-08-24T18:42:39.945Z,1137.25,157.84148,2022-11-23T02:25:33.267Z,,2025-11-24T21:15:09.795Z,+
staked-ether,steth,Lido Staked Ether,https://coin-images.coingecko.com/coins/images/13442/large/steth_logo.png?1696513206,2963.55,25598375441,9,25598375441,39415017.0,2975.69,2766.09,144.8,5.13686,1216810213.0,4.9907,8630989.2168131,8630989.2168131,,4932.89,-39.8352,2025-08-24T19:21:31.902Z,482.9,514.59696,2020-12-22T04:08:21.854Z,,2025-11-24T21:15:18.660Z,+
coinbase-wrapped-staked-eth,cbeth,Coinbase Wrapped Staked ETH,https://coin-images.coingecko.com/coins/images/27008/large/cbeth.png?1709186989,3279.59,383224557,187,1224150143,5213228.0,3293.59,3060.56,160.21,5.13588,18079947.0,4.95145,116873.5614104768,373334.0782232124,,5441.47,-39.67525,2025-08-24T19:27:49.680Z,1036.96,216.55651,2022-11-09T23:45:43.665Z,,2025-11-24T21:15:19.648Z,+
stakewise-v3-oseth,oseth,StakeWise Staked ETH,https://coin-images.coingecko.com/coins/images/33117/large/Frame_27513839.png?1700732599,3061.26,598865257,137,598865257,278764.0,3073.58,2856.21,149.22,5.12424,28775630.0,5.04756,195663.1886704,195663.1886704,,5206.8,-41.20022,2025-08-24T19:14:00.394Z,1459.73,109.73675,2025-04-09T01:32:44.161Z,,2025-11-24T21:15:19.346Z,+
kelp-dao-restaked-eth,rseth,Kelp DAO Restaked ETH,https://coin-images.coingecko.com/coins/images/33800/large/Icon___Dark.png?1702991855,3135.14,1054935303,97,1054935303,98041.0,3150.62,2933.13,152.79,5.12313,51873469.0,5.17151,336135.619419961,336135.619419961,,5190.42,-39.53994,2025-08-24T19:13:49.359Z,1029.61,204.78892,2025-09-02T07:53:14.684Z,,2025-11-24T21:15:19.059Z,+
weth,weth,WETH,https://coin-images.coingecko.com/coins/images/2518/large/weth.png?1696503332,2966.97,7828066617,25,7828066617,366585523.0,2978.94,2765.12,144.59,5.12304,352996492.0,4.72232,2637275.323251022,2637275.323251022,,4950.08,-39.94399,2025-08-24T19:28:11.411Z,82.1,3520.82228,2018-12-15T00:00:00.000Z,,2025-11-24T21:15:19.590Z,+
ethereum,eth,Ethereum,https://coin-images.coingecko.com/coins/images/279/large/ethereum.png?1696501628,2967.95,358351826409,2,358351826409,32966995428.0,2979.19,2770.21,144.46,5.11651,17183494283.0,5.03666,120695639.9699993,120695639.9699993,,4946.05,-39.89637,2025-08-24T19:21:03.333Z,0.432979,686481.95351,2015-10-20T00:00:00.000Z,"{'times': 43.54305877704537, 'currency': 'btc', 'percentage': 4354.305877704536}",2025-11-24T21:15:12.163Z,+
wrapped-steth,wsteth,Wrapped stETH,https://coin-images.coingecko.com/coins/images/18834/large/wstETH.png?1696518295,3616.87,11951745781,14,11951745781,42455576.0,3629.16,3379.05,176.05,5.11639,580084270.0,5.10114,3304040.230593747,3304040.230593747,,7256.02,-50.11623,2022-05-13T15:09:54.509Z,558.54,548.04235,2022-05-13T01:36:45.053Z,,2025-11-24T21:15:18.723Z,+
mantle-staked-ether,meth,Mantle Staked Ether,https://coin-images.coingecko.com/coins/images/33345/large/symbol_transparent_bg.png?1701697066,3209.61,741802085,121,741802085,3771617.0,3217.08,2994.73,156.19,5.11533,33289095.0,4.69845,231410.2944071602,231410.2944071602,,5312.55,-39.70127,2025-08-24T19:26:54.562Z,1485.62,115.62731,2025-04-09T01:32:38.082Z,,2025-11-24T21:15:19.550Z,+
gteth,gteth,GTETH,https://coin-images.coingecko.com/coins/images/69320/large/gteth-logo.jpeg?1758190986,2970.09,456858719,161,456858719,292948.0,2976.51,2765.87,144.02,5.09613,22151984.0,5.09585,153820.0,153820.0,,4751.71,-37.4824,2025-10-07T13:30:07.330Z,2627.71,13.05089,2025-11-21T12:31:56.390Z,,2025-11-24T21:15:19.308Z,+
stader-ethx,ethx,Stader ETHx,https://coin-images.coingecko.com/coins/images/30870/large/staderx.png?1696529717,3185.23,456288944,162,456288944,111298.0,3200.81,2970.94,154.1,5.08394,21894147.0,5.04015,143219.1380274983,143219.1380274983,,5253.42,-39.30903,2025-08-24T19:18:48.111Z,1474.49,116.23432,2025-04-09T01:32:31.885Z,,2025-11-24T21:15:19.312Z,+
renzo-restaked-eth,ezeth,Renzo Restaked ETH,https://coin-images.coingecko.com/coins/images/34753/large/Ezeth_logo_circle.png?1713496404,3155.06,746760284,118,746760284,9822348.0,3167.7,2944.23,152.05,5.06309,-27598235.28889072,-3.56401,236596.1688620613,236596.1688620613,,5227.06,-39.60106,2025-08-24T19:25:30.766Z,1454.43,117.06713,2025-04-09T01:30:57.856Z,,2025-11-24T21:15:19.171Z,+
mantle-restaked-eth,cmeth,Mantle Restaked ETH,https://coin-images.coingecko.com/coins/images/51114/large/symbol.png?1730117724,3207.3,292585777,222,292585777,10167201.0,3218.06,2998.42,151.85,4.96992,13850627.0,4.9691,91243.72788805318,91243.72788805318,,5306.91,-39.58762,2025-08-24T19:18:55.595Z,1480.7,116.52108,2025-04-09T01:30:47.033Z,,2025-11-24T21:15:09.615Z,+
sweth,sweth,Swell Ethereum,https://coin-images.coingecko.com/coins/images/30326/large/_lB7zEtS_400x400.jpg?1696529227,3238.52,393093584,182,393104544,227787.0,3254.89,3021.95,153.2,4.96528,18409107.0,4.91323,121323.095741077,121326.478319651,,5370.2,-39.6526,2025-08-24T19:22:28.159Z,1516.13,113.7537,2025-04-09T01:31:40.463Z,,2025-11-24T21:15:19.593Z,+
polygon-pos-bridged-weth-polygon-pos,weth,Polygon PoS Bridged WETH (Polygon POS),https://coin-images.coingecko.com/coins/images/39708/large/WETH.PNG?1723730343,2962.86,314970917,213,314970917,13812671.0,2980.71,2771.08,138.19,4.89238,15206954.0,5.07298,106204.4375055637,106204.4375055637,,4948.98,-40.02854,2025-08-24T19:27:23.389Z,1390.73,113.41129,2025-04-09T01:31:27.335Z,,2025-11-24T21:15:09.841Z,+
ether-fi-liquid-eth,liquideth,Ether.Fi Liquid ETH,https://coin-images.coingecko.com/coins/images/70219/large/liquideth.png?1761117977,3111.97,424908780,170,424908780,4778.66,3115.52,2936.76,115.61,3.85837,15984247.0,3.90885,136384.3918228885,136384.3918228885,,4507.99,-30.96779,2025-10-27T05:30:49.462Z,2783.66,11.79407,2025-11-21T12:32:54.263Z,,2025-11-24T21:15:09.310Z,+
ignition-fbtc,fbtc,Function FBTC,https://coin-images.coingecko.com/coins/images/39182/large/Function_Token_%282%29.png?1760254065,88954.0,1043421798,98,1043421798,354618.0,89262.0,84036.0,3145.12,3.66527,15933523.0,1.55073,11736.93625271,11736.93625271,,127954.0,-30.56767,2025-10-06T12:50:40.428Z,11469.83,674.56715,2024-09-10T18:18:02.102Z,,2025-11-24T21:15:19.624Z,+
wbnb,wbnb,Wrapped BNB,https://coin-images.coingecko.com/coins/images/12591/large/binance-coin-logo.png?1696512401,871.38,1196068790,90,1196068790,467629194.0,875.09,830.31,22.81,2.68803,29195608.0,2.50204,1372514.659907568,1372514.659907568,,1372.03,-36.42957,2025-10-13T08:47:24.374Z,23.6,3595.3083,2020-09-24T13:48:40.532Z,,2025-11-24T21:15:19.845Z,+
astherus-staked-bnb,asbnb,Aster Staked BNB,https://coin-images.coingecko.com/coins/images/54129/large/asBNB.png?1744789305,921.77,268702678,231,268702678,78261.0,926.13,881.11,23.92,2.66432,7517469.0,2.87821,290529.6410178102,290529.6410178102,,1446.58,-36.06497,2025-10-13T08:47:24.976Z,326.84,182.97369,2025-03-05T16:31:21.049Z,,2025-11-24T21:15:09.559Z,+
binancecoin,bnb,BNB,https://coin-images.coingecko.com/coins/images/825/large/bnb-icon2_2x.png?1696501970,871.32,120194538893,5,120194538893,2055480308.0,875.5,833.32,22.22,2.61749,3071592925.0,2.62254,137736577.41,137736577.41,200000000.0,1369.99,-36.24486,2025-10-13T08:41:24.131Z,0.0398177,2193497.60214,2017-10-19T00:00:00.000Z,,2025-11-24T21:15:11.936Z,+
solv-btc,solvbtc,Solv Protocol BTC,https://coin-images.coingecko.com/coins/images/36800/large/solvBTC.png?1719810684,88762.0,934534800,106,934534800,636699.0,88870.0,85344.0,2055.77,2.37098,13721275.0,1.49013,10515.76750144104,10515.76750144104,21000000.0,125693.0,-29.3355,2025-10-06T17:25:17.426Z,49058.0,81.05256,2024-08-05T06:28:45.311Z,,2025-11-24T21:15:19.135Z,+
clbtc,clbtc,clBTC,https://coin-images.coingecko.com/coins/images/54164/large/clBTC.png?1738482999,89605.0,692041123,125,692041123,16.14,89620.0,86088.0,1957.96,2.23391,15121789.0,2.23391,7723.217000000001,7723.217000000001,,129190.0,-30.64044,2025-07-24T19:16:34.717Z,51493.0,74.01503,2025-04-21T12:36:24.067Z,,2025-11-24T21:15:19.383Z,+
arbitrum-bridged-wbtc-arbitrum-one,wbtc,Arbitrum Bridged WBTC (Arbitrum One),https://coin-images.coingecko.com/coins/images/39532/large/wbtc.png?1722810336,89038.0,719227607,123,719227607,183735698.0,89122.0,85498.0,1876.12,2.15244,14053034.0,1.99284,8079.70566082,8079.70566082,,126226.0,-29.54487,2025-10-06T19:06:49.202Z,49594.0,79.32142,2024-08-05T13:30:13.831Z,,2025-11-24T21:15:19.274Z,+
lombard-staked-btc,lbtc,Lombard Staked BTC,https://coin-images.coingecko.com/coins/images/39969/large/LBTC_Logo.png?1724959872,89138.0,1024315597,99,1024315597,6665261.0,89342.0,85480.0,1877.85,2.152,17589963.0,1.74724,11529.07166937,11529.07166937,,125812.0,-29.35268,2025-10-06T19:07:38.572Z,52119.0,70.53783,2024-09-06T21:01:52.094Z,,2025-11-24T21:15:19.219Z,+
pax-gold,paxg,PAX Gold,https://coin-images.coingecko.com/coins/images/9519/large/paxgold.png?1696509604,4130.07,1378364235,75,1378364235,231129195.0,4129.84,4035.2,83.9,2.07354,27650888.0,2.04713,333757.173,333757.173,,4448.72,-7.17512,2025-10-16T23:50:09.513Z,1399.64,195.04114,2019-11-18T03:09:35.959Z,,2025-11-24T21:15:19.075Z,+
unit-bitcoin,ubtc,Unit Bitcoin,https://coin-images.coingecko.com/coins/images/55066/large/ubtc.jpg?1743580113,89033.0,291283174,223,1869048380028,92063068.0,89053.0,85662.0,1796.77,2.05966,5977795.0,2.09523,3272.75993401,20999999.99993401,21000000.0,126087.0,-29.46489,2025-10-06T19:05:35.447Z,73355.0,21.23948,2025-04-07T06:56:28.361Z,,2025-11-24T21:15:09.874Z,+
bitcoin,btc,Bitcoin,https://coin-images.coingecko.com/coins/images/1/large/bitcoin.png?1696501400,89080.0,1778098953504,1,1778098953504,80098906181.0,89112.0,85546.0,1790.22,2.05089,36108823362.0,2.07285,19953225.0,19953225.0,21000000.0,126080.0,-29.3066,2025-10-06T18:57:42.558Z,67.81,131342.96414,2013-07-06T00:00:00.000Z,,2025-11-24T21:15:12.183Z,+
bitcoin-avalanche-bridged-btc-b,btc.b,Avalanche Bridged BTC (Avalanche),https://coin-images.coingecko.com/coins/images/26115/large/btcb.png?1696525205,89082.0,368209970,194,368209970,29967899.0,89157.0,85643.0,1723.48,1.97289,7521698.0,2.08537,4132.2536197,4132.2536197,,125862.0,-29.20405,2025-10-06T18:58:38.316Z,7806.11,1041.47741,2023-03-03T05:01:42.603Z,,2025-11-24T21:15:09.403Z,+
coinbase-wrapped-btc,cbbtc,Coinbase Wrapped BTC,https://coin-images.coingecko.com/coins/images/40143/large/cbbtc.webp?1726136727,89126.0,6576560686,30,6576560686,530930329.0,89126.0,85720.0,1715.37,1.96244,86721136.0,1.33626,73789.22234907,73789.22234907,,125954.0,-29.31235,2025-10-06T18:58:50.734Z,57439.0,55.00646,2024-09-12T14:07:41.775Z,,2025-11-24T21:15:19.085Z,+
wrapped-bitcoin,wbtc,Wrapped Bitcoin,https://coin-images.coingecko.com/coins/images/7598/large/wrapped_bitcoin_wbtc.png?1696507857,88833.0,11113861495,15,11113861495,296165888.0,88958.0,85486.0,1701.31,1.95256,206466511.0,1.8929,124963.48883569,124963.48883569,124963.48883569,125932.0,-29.34041,2025-10-06T18:55:19.650Z,3139.17,2734.5999,2019-04-02T00:00:00.000Z,,2025-11-24T21:15:19.099Z,+
tether-gold,xaut,Tether Gold,https://coin-images.coingecko.com/coins/images/10481/large/Tether_Gold.png?1696510471,4110.92,2146463828,59,2146463828,417493285.0,4121.78,4018.99,76.46,1.89521,41438610.0,1.96856,522089.3,522089.3,,4392.88,-6.39305,2025-10-17T05:01:31.881Z,1447.84,184.01194,2020-03-19T13:45:41.821Z,,2025-11-24T21:15:19.062Z,+
tbtc,tbtc,tBTC,https://coin-images.coingecko.com/coins/images/11224/large/0x18084fba666a33d37592fa2633fd49a74dd93a88.png?1696511155,88521.0,553965825,143,553965825,24727192.0,89006.0,85216.0,1610.48,1.85302,7878758.0,1.44277,6237.33226607,6237.33226607,,125646.0,-29.2298,2025-10-06T17:18:25.106Z,10104.3,780.02207,2020-09-23T00:00:00.000Z,,2025-11-24T21:15:19.343Z,+
sbtc-2,sbtc,sBTC,https://coin-images.coingecko.com/coins/images/54285/large/sbtc-logo-orange-bg-white-circle-1000px_2.png?1739000556,88609.0,387659465,185,387659465,64428.0,100325.0,84283.0,1497.68,1.71928,6972759.0,1.83163,4377.19519744,4377.19519744,,209313.0,-57.68858,2025-10-18T13:10:54.662Z,50597.0,75.03697,2025-06-06T20:20:33.912Z,,2025-11-24T21:15:19.697Z,+
bitcoin-cash,bch,Bitcoin Cash,https://coin-images.coingecko.com/coins/images/780/large/bitcoin-cash-circle.png?1696501932,554.69,11073772877,16,11073819693,445261295.0,562.25,537.97,4.68,0.85012,98248853.0,0.89516,19957756.14665078,19957840.52165078,21000000.0,3785.82,-85.30952,2017-12-20T00:00:00.000Z,76.93,622.89175,2018-12-16T00:00:00.000Z,,2025-11-24T21:15:18.999Z,+
bittensor,tao,Bittensor,https://coin-images.coingecko.com/coins/images/28452/large/ARUsPeNQ_400x400.jpeg?1696527447,298.07,2856868708,48,6251034032,224767226.0,303.75,278.66,-1.416101985406442,-0.47285,-32877005.894073963,-1.13771,9597491.0,21000000.0,21000000.0,757.6,-60.70662,2024-03-07T18:45:36.466Z,30.83,865.58176,2023-05-14T08:57:53.732Z,,2025-11-24T21:15:18.879Z,-
ultima,ultima,Ultima,https://coin-images.coingecko.com/coins/images/31844/large/ULTIMA-200x200.png?1763090865,3042.41,304856056,216,304856056,15506045.0,3093.15,3009.54,-26.609263941933932,-0.86703,-2895840.5977010727,-0.94097,100000.0,100000.0,100000.0,22851.0,-86.65864,2025-02-14T11:01:57.263Z,2038.41,49.55719,2024-06-12T10:32:42.600Z,,2025-11-24T21:15:10.051Z,-
monero,xmr,Monero,https://coin-images.coingecko.com/coins/images/69/large/monero_logo.png?1696501460,382.43,7025022660,28,7025022660,148347986.0,392.62,380.02,-7.404565322348276,-1.89942,-183479243.49383068,-2.54532,18446744.07370955,18446744.07370955,,542.33,-29.63273,2018-01-09T00:00:00.000Z,0.216177,176431.38059,2015-01-14T00:00:00.000Z,,2025-11-24T21:15:18.780Z,-
zcash,zec,Zcash,https://coin-images.coingecko.com/coins/images/486/large/circle-zcash-color.png?1696501740,549.59,9061912300,20,9062082325,1208026041.0,595.54,531.75,-37.21787345062603,-6.34247,-654561861.9165916,-6.73662,16405618.9155448,16405926.7280448,21000000.0,3191.93,-82.66835,2016-10-29T00:00:00.000Z,16.08,3340.35843,2024-07-05T04:22:29.321Z,,2025-11-24T21:15:18.771Z,-
lorenzo-wrapped-bitcoin,enzobtc,Lorenzo Wrapped Bitcoin,https://coin-images.coingecko.com/coins/images/54447/large/enzo_btc.png?1739773963,95980.0,299163026,217,342809040,2.77,,,,,,,3571.68192143,3571.68192143,,115819.0,-17.12982,2025-10-13T22:56:57.032Z,92926.0,3.28601,2025-11-14T20:46:40.744Z,,2025-11-16T05:31:07.120Z,0
cgeth-hashkey-cloud,cgeth.hashkey,cgETH Hashkey Cloud,https://coin-images.coingecko.com/coins/images/54162/large/Cgeth_Hashkey.png?1738482570,2460.42,491909683,154,491909683,265.78,,,,,,,199929.02,199929.02,,4746.13,-48.15937,2025-08-24T19:06:16.774Z,1362.23,80.61728,2025-10-25T14:44:57.711Z,,2025-11-17T22:55:14.574Z,0
